{
    "train": {
        "loss": 3223240.5,
        "mean_absolute_error": 1342.1375732421875,
        "mean_absolute_percentage_error": 3.7131166458129883,
        "root_mean_squared_error": 1795.3385009765625
    },
    "eval": {
        "loss": 5757170.0,
        "mean_absolute_error": 1799.5841064453125,
        "mean_absolute_percentage_error": 4.6577582359313965,
        "root_mean_squared_error": 2399.410400390625
    },
    "step": 132
}