{
    "train": {
        "loss": 3652955.25,
        "mean_absolute_error": 1498.16259765625,
        "mean_absolute_percentage_error": 4.173087120056152,
        "root_mean_squared_error": 1911.2705078125
    },
    "eval": {
        "loss": 6828064.5,
        "mean_absolute_error": 2009.931884765625,
        "mean_absolute_percentage_error": 5.186705589294434,
        "root_mean_squared_error": 2613.056640625
    },
    "step": 149
}