{
    "train": {
        "loss": 4770128.5,
        "mean_absolute_error": 1725.4588623046875,
        "mean_absolute_percentage_error": 4.7902727127075195,
        "root_mean_squared_error": 2184.0625
    },
    "eval": {
        "loss": 244076752.0,
        "mean_absolute_error": 14041.7568359375,
        "mean_absolute_percentage_error": 36.74970245361328,
        "root_mean_squared_error": 15622.9560546875
    },
    "step": 14
}