{
    "train": {
        "loss": 21531634.0,
        "mean_absolute_error": 1884.8082275390625,
        "mean_absolute_percentage_error": 5.227718353271484,
        "root_mean_squared_error": 4640.21875
    },
    "eval": {
        "loss": 1417088896.0,
        "mean_absolute_error": 37393.22265625,
        "mean_absolute_percentage_error": 99.8036880493164,
        "root_mean_squared_error": 37644.2421875
    },
    "step": 22
}