step	eval/mean_absolute_error
0	17760.0546875
1	11976.810546875
2	16008.2919921875
3	12827.3427734375
4	8186.435546875
5	17979.478515625
6	13245.888671875
7	8839.5205078125
8	13760.6484375
9	16811.619140625
10	16399.408203125
11	16343.970703125
12	14754.12890625
13	13647.4375
14	14041.7568359375
