step	eval/mean_absolute_error
0	37804.7109375
1	34072.83984375
2	34057.29296875
3	34530.75390625
4	35540.05859375
5	36062.671875
6	35862.43359375
7	35887.02734375
8	36232.34375
9	36149.66015625
10	35136.62890625
11	33710.1953125
12	33516.6796875
13	33815.80078125
14	33820.62109375
15	33754.95703125
16	34359.16015625
17	35083.43359375
18	35418.26953125
19	35537.5390625
20	35931.8046875
21	36725.125
22	37393.22265625
