step	eval/mean_absolute_percentage_error
0	46.8697624206543
1	31.491640090942383
2	42.208885192871094
3	33.70060729980469
4	21.51395034790039
5	47.483009338378906
6	34.8163948059082
7	23.149934768676758
8	36.20964050292969
9	44.384498596191406
10	43.2536735534668
11	43.070255279541016
12	38.75641632080078
13	35.735107421875
14	36.74970245361328
