step	eval/root_mean_squared_error
0	38485.30859375
1	34939.17578125
2	34704.421875
3	35150.63671875
4	36216.6953125
5	36749.57421875
6	36536.7421875
7	36548.82421875
8	36877.0703125
9	36757.5546875
10	35682.76171875
11	34207.8984375
12	33954.9453125
13	34197.60546875
14	34164.7734375
15	34069.6328125
16	34633.46875
17	35337.1015625
18	35662.03515625
19	35771.484375
20	36163.16015625
21	36966.640625
22	37644.2421875
