step	eval/root_mean_squared_error
0	20534.91796875
1	15461.802734375
2	16984.271484375
3	14101.4033203125
4	9642.591796875
5	19500.923828125
6	14029.8427734375
7	10646.7431640625
8	14915.2421875
9	17514.392578125
10	17144.0
11	17237.775390625
12	15974.3076171875
13	15154.7958984375
14	15622.9560546875
