step	train/mean_absolute_error
0	28054.837890625
1	7088.3251953125
2	15440.94140625
3	17773.25
4	7299.6171875
5	7233.45654296875
6	5555.83837890625
7	3137.91357421875
8	2881.684814453125
9	2177.527099609375
10	2168.6162109375
11	2133.04443359375
12	1876.6082763671875
13	1813.392578125
14	1725.4588623046875
