step	train/mean_absolute_error
0	34636.515625
1	24066.826171875
2	12422.142578125
3	7818.6845703125
4	9151.396484375
5	9554.935546875
6	13396.7509765625
7	16627.119140625
8	15106.009765625
9	11637.1484375
10	8879.6953125
11	6891.94580078125
12	3578.28515625
13	2933.396484375
14	3252.61865234375
15	2375.9375
16	2591.2900390625
17	1904.9384765625
18	2017.0543212890625
19	1773.322509765625
20	1727.6636962890625
21	1650.76708984375
22	1884.8082275390625
