step	train/mean_absolute_percentage_error
0	78.72767639160156
1	19.94770050048828
2	43.35478591918945
3	49.392086029052734
4	20.550048828125
5	20.33924674987793
6	15.471638679504395
7	8.850065231323242
8	8.156064987182617
9	5.934791088104248
10	6.0190911293029785
11	5.971778869628906
12	5.099796772003174
13	5.04531192779541
14	4.7902727127075195
