step	train/root_mean_squared_error
0	30947.9453125
1	11880.015625
2	20336.9921875
3	20220.302734375
4	9690.4111328125
5	8774.7255859375
6	6659.56396484375
7	4035.687255859375
8	3623.276123046875
9	2802.5078125
10	2676.589111328125
11	2556.367431640625
12	2460.05029296875
13	2291.776611328125
14	2184.0625
