step	train/root_mean_squared_error
0	34956.671875
1	24745.390625
2	15729.2734375
3	18559.70703125
4	21861.52734375
5	22641.58984375
6	21629.21875
7	21804.6953125
8	21243.556640625
9	20059.015625
10	17636.548828125
11	12379.3955078125
12	5607.3603515625
13	3723.902099609375
14	4086.648681640625
15	3055.562255859375
16	3156.0048828125
17	2484.691650390625
18	2569.92138671875
19	2259.8310546875
20	2213.79052734375
21	2113.21826171875
22	4640.21875
